team_name,player_name,birth_country,citizenship,representing,data_complete
Czech Republic,Matěj Kovář,Czech Republic,Czech Republic,Czech Republic,True
Czech Republic,David Zima,,,Czech Republic,False
Czech Republic,Tomáš Holeš,Czech Republic,Czech Republic,Czech Republic,True
Czech Republic,Robin Hranáč,Czech Republic,Czech Republic,Czech Republic,True
Czech Republic,Vladimír Coufal,Czech Republic,Czech Republic,Czech Republic,True
Czech Republic,Štěpán Chaloupek,Czech Republic,Czech Republic,Czech Republic,True
Czech Republic,Ladislav Krejčí,Czech Republic,Czech Republic,Czech Republic,True
Czech Republic,Vladimír Darida,Czech Republic,Czech Republic,Czech Republic,True
Czech Republic,Adam Hložek,Czech Republic,Czech Republic,Czech Republic,True
Czech Republic,Patrik Schick,,,Czech Republic,False
Czech Republic,Jan Kuchta,,,Czech Republic,False
Czech Republic,Lukáš Červ,Czech Republic,Czech Republic,Czech Republic,True
Czech Republic,Mojmír Chytil,,,Czech Republic,False
Czech Republic,David Jurásek,Czech Republic,Czech Republic,Czech Republic,True
Czech Republic,Pavel Šulc,Czech Republic,Czech Republic,Czech Republic,True
Czech Republic,Jindřich Staněk,Czech Republic,Czech Republic,Czech Republic,True
Czech Republic,Lukáš Provod,,,Czech Republic,False
Czech Republic,Michal Sadílek,Czech Republic,Czech Republic,Czech Republic,True
Czech Republic,Tomáš Chorý,Czech Republic,Czech Republic,Czech Republic,True
Czech Republic,Jaroslav Zelený,Czech Republic,Czech Republic,Czech Republic,True
Czech Republic,David Douděra,Czech Republic,Czech Republic,Czech Republic,True
Czech Republic,Tomáš Souček,Czech Republic,Czech Republic,Czech Republic,True
Czech Republic,Lukáš Horníček,,,Czech Republic,False
Czech Republic,Alexandr Sojka,Czech Republic,Czech Republic,Czech Republic,True
Czech Republic,Hugo Sochůrek,Czech Republic,Czech Republic,Czech Republic,True
Czech Republic,Denis Višinský,Czech Republic,Czech Republic,Czech Republic,True
Mexico,Raúl Rangel,,,Mexico,False
Mexico,Jorge Sánchez,,,Mexico,False
Mexico,César Montes,Mexico,Mexico,Mexico,True
Mexico,Edson Álvarez,Mexico,Mexico,Mexico,True
Mexico,Johan Vásquez,Mexico,Mexico,Mexico,True
Mexico,Érik Lira,Mexico,Mexico,Mexico,True
Mexico,Luis Romo,Mexico,Mexico,Mexico,True
Mexico,Álvaro Fidalgo,,,Mexico,False
Mexico,Raúl Jiménez,Mexico,Mexico,Mexico,True
Mexico,Alexis Vega,Mexico,Mexico,Mexico,True
Mexico,Santiago Giménez,,,Mexico,False
Mexico,Carlos Acevedo,Mexico,Mexico,Mexico,True
Mexico,Guillermo Ochoa,Mexico,Mexico,Mexico,True
Mexico,Armando González,,,Mexico,False
Mexico,Israel Reyes,Mexico,Mexico,Mexico,True
Mexico,Julián Quiñones,Colombia,Colombia; Mexico,Mexico,True
Mexico,Orbelín Pineda,Mexico,Mexico,Mexico,True
Mexico,Obed Vargas,United States,Mexico; United States,Mexico,True
Mexico,Gilberto Mora,Mexico,Mexico,Mexico,True
Mexico,Mateo Chávez,,,Mexico,False
Mexico,César Huerta,Mexico,Mexico,Mexico,True
Mexico,Guillermo Martínez,Mexico,Mexico,Mexico,True
Mexico,Jesús Gallardo,,,Mexico,False
Mexico,Luis Chávez,Mexico,Mexico,Mexico,True
Mexico,Roberto Alvarado,Mexico,Mexico,Mexico,True
Mexico,Brian Gutiérrez,United States,Mexico; United States,Mexico,True
South Africa,Ronwen Williams,South Africa,South Africa,South Africa,True
South Africa,Thabang Matuludi,,,South Africa,False
South Africa,Khulumani Ndamane,South Africa,South Africa,South Africa,True
South Africa,Teboho Mokoena,South Africa,South Africa,South Africa,True
South Africa,Thalente Mbatha,South Africa,South Africa,South Africa,True
South Africa,Aubrey Modiba,South Africa,South Africa,South Africa,True
South Africa,Oswin Appollis,South Africa,South Africa,South Africa,True
South Africa,Tshepang Moremi,South Africa,South Africa,South Africa,True
South Africa,Lyle Foster,South Africa,South Africa,South Africa,True
South Africa,Relebohile Mofokeng,South Africa,South Africa,South Africa,True
South Africa,Themba Zwane,South Africa,South Africa,South Africa,True
South Africa,Thapelo Maseko,South Africa,South Africa,South Africa,True
South Africa,Sphephelo Sithole,South Africa,South Africa,South Africa,True
South Africa,Mbekezeli Mbokazi,South Africa,South Africa,South Africa,True
South Africa,Iqraam Rayners,South Africa,South Africa,South Africa,True
South Africa,Sipho Chaine,South Africa,South Africa,South Africa,True
South Africa,Evidence Makgopa,,,South Africa,False
South Africa,Samukele Kabini,South Africa,South Africa,South Africa,True
South Africa,Nkosinathi Sibisi,South Africa,South Africa,South Africa,True
South Africa,Khuliso Mudau,South Africa,South Africa,South Africa,True
South Africa,Ime Okon,South Africa,South Africa,South Africa,True
South Africa,Ricardo Goss,South Africa,South Africa,South Africa,True
South Africa,Jayden Adams,South Africa,South Africa,South Africa,True
South Africa,Olwethu Makhanya,South Africa,South Africa,South Africa,True
South Africa,Kamogelo Sebelebele,South Africa,South Africa,South Africa,True
South Africa,Bradley Cross,South Africa,South Africa,South Africa,True
South Korea,Kim Seung-gyu,,,South Korea,False
South Korea,Lee Han-beom,South Korea,South Korea,South Korea,True
South Korea,Lee Gi-hyuk,South Korea,South Korea,South Korea,True
South Korea,Kim Min-jae,South Korea,South Korea,South Korea,True
South Korea,Kim Tae-hyeon,,,South Korea,False
South Korea,Hwang In-beom,South Korea,South Korea,South Korea,True
South Korea,Son Heung-min,South Korea,South Korea,South Korea,True
South Korea,Paik Seung-ho,South Korea,South Korea,South Korea,True
South Korea,Cho Gue-sung,South Korea,South Korea,South Korea,True
South Korea,Lee Jae-sung,South Korea,South Korea,South Korea,True
South Korea,Hwang Hee-chan,,,South Korea,False
South Korea,Song Bum-keun,,,South Korea,False
South Korea,Lee Tae-seok,South Korea,South Korea,South Korea,True
South Korea,Cho Wi-je,,South Korea,South Korea,False
South Korea,Kim Moon-hwan,,,South Korea,False
South Korea,Park Jin-seob,South Korea,South Korea,South Korea,True
South Korea,Bae Jun-ho,,,South Korea,False
South Korea,Oh Hyeon-gyu,South Korea,South Korea,South Korea,True
South Korea,Lee Kang-in,South Korea,South Korea,South Korea,True
South Korea,Yang Hyun-jun,South Korea,South Korea,South Korea,True
South Korea,Jo Hyeon-woo,South Korea,South Korea,South Korea,True
South Korea,Seol Young-woo,,,South Korea,False
South Korea,Jens Castrop,Germany,Germany; South Korea,South Korea,True
South Korea,Kim Jin-gyu,South Korea,South Korea,South Korea,True
South Korea,Eom Ji-sung,South Korea,South Korea,South Korea,True
South Korea,Lee Dong-gyeong,South Korea,South Korea,South Korea,True
Bosnia and Herzegovina,Nikola Vasilj,,,Bosnia and Herzegovina,False
Bosnia and Herzegovina,Nihad Mujakić,Bosnia and Herzegovina,Bosnia and Herzegovina,Bosnia and Herzegovina,True
Bosnia and Herzegovina,Dennis Hadžikadunić,Sweden,Bosnia and Herzegovina; Sweden,Bosnia and Herzegovina,True
Bosnia and Herzegovina,Tarik Muharemović,Slovenia,Bosnia and Herzegovina; Slovenia,Bosnia and Herzegovina,True
Bosnia and Herzegovina,Sead Kolašinac,Germany,Bosnia and Herzegovina; Germany,Bosnia and Herzegovina,True
Bosnia and Herzegovina,Benjamin Tahirović,Sweden,Bosnia and Herzegovina; Sweden,Bosnia and Herzegovina,True
Bosnia and Herzegovina,Amar Dedić,Austria,Bosnia and Herzegovina,Bosnia and Herzegovina,True
Bosnia and Herzegovina,Armin Gigović,Sweden,Bosnia and Herzegovina; Sweden,Bosnia and Herzegovina,True
Bosnia and Herzegovina,Samed Baždar,Serbia,Bosnia and Herzegovina; Serbia,Bosnia and Herzegovina,True
Bosnia and Herzegovina,Ermedin Demirović,,,Bosnia and Herzegovina,False
Bosnia and Herzegovina,Edin Džeko,Bosnia and Herzegovina,Bosnia and Herzegovina,Bosnia and Herzegovina,True
Bosnia and Herzegovina,Mladen Jurkas,Bosnia and Herzegovina,Bosnia and Herzegovina,Bosnia and Herzegovina,True
Bosnia and Herzegovina,Ivan Bašić,Croatia,Bosnia and Herzegovina; Croatia,Bosnia and Herzegovina,True
Bosnia and Herzegovina,Ivan Šunjić,Bosnia and Herzegovina,Bosnia and Herzegovina; Croatia,Bosnia and Herzegovina,True
Bosnia and Herzegovina,Amar Memić,Bosnia and Herzegovina,Bosnia and Herzegovina,Bosnia and Herzegovina,True
Bosnia and Herzegovina,Amir Hadžiahmetović,,,Bosnia and Herzegovina,False
Bosnia and Herzegovina,Dženis Burnić,Germany,Bosnia and Herzegovina; Germany,Bosnia and Herzegovina,True
Bosnia and Herzegovina,Nikola Katić,,,Bosnia and Herzegovina,False
Bosnia and Herzegovina,Kerim Alajbegović,,,Bosnia and Herzegovina,False
Bosnia and Herzegovina,Esmir Bajraktarević,United States,Bosnia and Herzegovina; United States,Bosnia and Herzegovina,True
Bosnia and Herzegovina,Stjepan Radeljić,Bosnia and Herzegovina,Bosnia and Herzegovina,Bosnia and Herzegovina,True
Bosnia and Herzegovina,Martin Zlomislić,Bosnia and Herzegovina,Bosnia and Herzegovina; Croatia,Bosnia and Herzegovina,True
Bosnia and Herzegovina,Haris Tabaković,Switzerland,Bosnia and Herzegovina; Switzerland,Bosnia and Herzegovina,True
Bosnia and Herzegovina,Arjan Malić,Slovenia,Bosnia and Herzegovina; Slovenia,Bosnia and Herzegovina,True
Bosnia and Herzegovina,Jovo Lukić,Bosnia and Herzegovina,Bosnia and Herzegovina,Bosnia and Herzegovina,True
Bosnia and Herzegovina,Ermin Mahmić,Austria,Austria; Bosnia and Herzegovina,Bosnia and Herzegovina,True
Canada,Dayne St. Clair,Canada,Canada,Canada,True
Canada,Alistair Johnston,Canada,Canada,Canada,True
Canada,Alfie Jones,England,United Kingdom,Canada,True
Canada,Luc de Fougerolles,England,Canada; United Kingdom,Canada,True
Canada,Joel Waterman,,,Canada,False
Canada,Mathieu Choinière,,,Canada,False
Canada,Stephen Eustáquio,,,Canada,False
Canada,Ismaël Koné,,,Canada,False
Canada,Cyle Larin,,,Canada,False
Canada,Jonathan David,United States,Canada; United States,Canada,True
Canada,Liam Millar,Canada,Canada,Canada,True
Canada,Tani Oluwaseyi,Nigeria,Nigeria,Canada,True
Canada,Derek Cornelius,Canada,Canada; Jamaica,Canada,True
Canada,Jacob Shaffelburg,Canada,Canada,Canada,True
Canada,Moïse Bombito,Canada,Canada,Canada,True
Canada,Maxime Crépeau,Canada,Canada,Canada,True
Canada,Tajon Buchanan,Canada,Canada,Canada,True
Canada,Owen Goodman,England,United Kingdom,Canada,True
Canada,Alphonso Davies,Ghana,Canada; Liberia,Canada,True
Canada,Ali Ahmed,Canada,Canada,Canada,True
Canada,Jonathan Osorio,,,Canada,False
Canada,Richie Laryea,Canada,Canada,Canada,True
Canada,Niko Sigur,Canada,Canada,Canada,True
Canada,Promise David,Canada,Canada,Canada,True
Canada,Nathan Saliba,Canada,Canada,Canada,True
Canada,Jayden Nelson,,,Canada,False
Qatar,Mahmud Abunada,Qatar,Palestine; Qatar,Qatar,True
Qatar,Pedro Miguel,,,Qatar,False
Qatar,Lucas Mendes,Brazil,Brazil; Qatar,Qatar,True
Qatar,Issa Laye,,,Qatar,False
Qatar,Jassem Gaber,Qatar,Qatar,Qatar,True
Qatar,Abdulaziz Hatem,Qatar,Qatar,Qatar,True
Qatar,Ahmed Alaaeldin,,,Qatar,False
Qatar,Edmilson Junior,Belgium,Belgium; Brazil; Qatar,Qatar,True
Qatar,Mohammed Muntari,Ghana,Ghana; Qatar,Qatar,True
Qatar,Hassan Al-Haydos,Qatar,Qatar,Qatar,True
Qatar,Akram Afif,,,Qatar,False
Qatar,Karim Boudiaf,France,France; Qatar,Qatar,True
Qatar,Ayoub Al-Oui,Qatar,Qatar,Qatar,True
Qatar,Homam Ahmed,Qatar,Qatar,Qatar,True
Qatar,Yusuf Abdurisag,Qatar,Qatar,Qatar,True
Qatar,Boualem Khoukhi,Algeria,Algeria; Qatar,Qatar,True
Qatar,Ahmed Al-Ganehi,Qatar,Qatar,Qatar,True
Qatar,Sultan Al-Brake,Qatar,Qatar,Qatar,True
Qatar,Almoez Ali,,,Qatar,False
Qatar,Ahmed Fathy,Qatar,Qatar,Qatar,True
Qatar,Salah Zakaria,,,Qatar,False
Qatar,Meshaal Barsham,Qatar,Qatar,Qatar,True
Qatar,Assim Madibo,,,Qatar,False
Qatar,Tahsin Jamshid,,Qatar,Qatar,False
Qatar,Al-Hashmi Al-Hussain,,Qatar,Qatar,False
Qatar,Mohamed Manai,Tunisia,Qatar,Qatar,True
Switzerland,Gregor Kobel,Switzerland,Switzerland,Switzerland,True
Switzerland,Miro Muheim,Switzerland,Switzerland,Switzerland,True
Switzerland,Silvan Widmer,,,Switzerland,False
Switzerland,Nico Elvedi,Switzerland,Switzerland,Switzerland,True
Switzerland,Manuel Akanji,Switzerland,Nigeria; Switzerland,Switzerland,True
Switzerland,Denis Zakaria,Switzerland,Switzerland,Switzerland,True
Switzerland,Breel Embolo,,,Switzerland,False
Switzerland,Remo Freuler,Switzerland,Switzerland,Switzerland,True
Switzerland,Johan Manzambi,Switzerland,Switzerland,Switzerland,True
Switzerland,Granit Xhaka,Switzerland,Switzerland,Switzerland,True
Switzerland,Dan Ndoye,Switzerland,Switzerland,Switzerland,True
Switzerland,Yvon Mvogo,Cameroon,Cameroon; Switzerland,Switzerland,True
Switzerland,Ricardo Rodriguez,Switzerland,Switzerland,Switzerland,True
Switzerland,Ardon Jashari,Switzerland,Switzerland,Switzerland,True
Switzerland,Djibril Sow,Switzerland,Switzerland,Switzerland,True
Switzerland,Christian Fassnacht,Switzerland,Switzerland,Switzerland,True
Switzerland,Rubén Vargas,Switzerland,Switzerland,Switzerland,True
Switzerland,Eray Cömert,Switzerland,Switzerland,Switzerland,True
Switzerland,Noah Okafor,Switzerland,Switzerland,Switzerland,True
Switzerland,Michel Aebischer,Switzerland,Switzerland,Switzerland,True
Switzerland,Marvin Keller,England,Switzerland,Switzerland,True
Switzerland,Fabian Rieder,Switzerland,Switzerland,Switzerland,True
Switzerland,Zeki Amdouni,Switzerland,Switzerland,Switzerland,True
Switzerland,Aurèle Amenda,Switzerland,Switzerland,Switzerland,True
Switzerland,Luca Jaquez,Switzerland,Switzerland,Switzerland,True
Switzerland,Cedric Itten,Switzerland,Switzerland,Switzerland,True
Brazil,Alisson,Brazil,Brazil,Brazil,True
Brazil,Éderson Silva,Brazil,Brazil,Brazil,True
Brazil,Gabriel Magalhães,Brazil,Brazil,Brazil,True
Brazil,Marquinhos,,,Brazil,False
Brazil,Casemiro,Brazil,Brazil; Spain; United Kingdom,Brazil,True
Brazil,Alex Sandro,,,Brazil,False
Brazil,Vinícius Júnior,Brazil,Brazil; Spain,Brazil,True
Brazil,Bruno Guimarães,,,Brazil,False
Brazil,Matheus Cunha,,,Brazil,False
Brazil,Neymar,Brazil,Brazil,Brazil,True
Brazil,Raphinha,Brazil,Brazil,Brazil,True
Brazil,Weverton,Brazil,Brazil,Brazil,True
Brazil,Danilo Luiz,,,Brazil,False
Brazil,Bremer,,,Brazil,False
Brazil,Léo Pereira,Brazil,Brazil,Brazil,True
Brazil,Douglas Santos,,,Brazil,False
Brazil,Fabinho,Brazil,Brazil,Brazil,True
Brazil,Danilo Santos,Brazil,Brazil,Brazil,True
Brazil,Endrick,Brazil,Brazil,Brazil,True
Brazil,Lucas Paquetá,Brazil,Brazil,Brazil,True
Brazil,Luiz Henrique,,,Brazil,False
Brazil,Gabriel Martinelli,Brazil,Brazil,Brazil,True
Brazil,Ederson Moraes,Brazil,Brazil; Portugal,Brazil,True
Brazil,Roger Ibañez,,,Brazil,False
Brazil,Igor Thiago,Brazil,Brazil,Brazil,True
Brazil,Rayan,Brazil,Brazil,Brazil,True
Haiti,Johny Placide,France,France; Haiti,Haiti,True
Haiti,Carlens Arcus,Haiti,Haiti,Haiti,True
Haiti,Keeto Thermoncy,Switzerland,Haiti; Switzerland,Haiti,True
Haiti,Ricardo Adé,Haiti,Haiti,Haiti,True
Haiti,Hannes Delcroix,Haiti,Belgium; Haiti,Haiti,True
Haiti,Carl Sainté,Haiti,Haiti,Haiti,True
Haiti,Derrick Etienne Jr.,United States,Haiti; United States,Haiti,True
Haiti,Martin Expérience,France,France; Haiti,Haiti,True
Haiti,Duckens Nazon,France,France; Haiti,Haiti,True
Haiti,Jean-Ricner Bellegarde,France,France; Haiti,Haiti,True
Haiti,Louicius Deedson,Haiti,Haiti,Haiti,True
Haiti,Alexandre Pierre,France,France; Haiti,Haiti,True
Haiti,Duke Lacroix,United States,Haiti; United States,Haiti,True
Haiti,Garven Metusala,Canada,Canada; Haiti,Haiti,True
Haiti,Ruben Providence,,,Haiti,False
Haiti,Lenny Joseph,France,France; Haiti,Haiti,True
Haiti,Danley Jean Jacques,Haiti,Haiti,Haiti,True
Haiti,Wilson Isidor,France,France; Haiti,Haiti,True
Haiti,Yassin Fortuné,France,France; Haiti,Haiti,True
Haiti,Frantzdy Pierrot,Haiti,Haiti; United States,Haiti,True
Haiti,Josué Casimir,,,Haiti,False
Haiti,Jean-Kévin Duverne,France,France; Haiti,Haiti,True
Haiti,Josué Duverger,Canada,Canada; Haiti,Haiti,True
Haiti,Wilguens Paugain,Haiti,France,Haiti,True
Haiti,Dominique Simon,France,France; Haiti,Haiti,True
Haiti,Woodensky Pierre,,,Haiti,False
Morocco,Yassine Bounou,,,Morocco,False
Morocco,Achraf Hakimi,Spain,Morocco; Spain,Morocco,True
Morocco,Noussair Mazraoui,,,Morocco,False
Morocco,Sofyan Amrabat,Netherlands,Kingdom of the Netherlands; Morocco,Morocco,True
Morocco,Marwane Saâdane,Morocco,Morocco,Morocco,True
Morocco,Ayyoub Bouaddi,France,France; Morocco,Morocco,True
Morocco,Chemsdine Talbi,Belgium,Belgium,Morocco,True
Morocco,Azzedine Ounahi,Morocco,France; Morocco,Morocco,True
Morocco,Soufiane Rahimi,Morocco,Morocco,Morocco,True
Morocco,Brahim Díaz,Spain,Morocco; Spain,Morocco,True
Morocco,Ismael Saibari,Spain,Morocco; Spain,Morocco,True
Morocco,Munir Mohamedi,Spain,Morocco; Spain,Morocco,True
Morocco,Zakaria El Ouahdi,Belgium,Belgium; Morocco,Morocco,True
Morocco,Issa Diop,France,France; Morocco,Morocco,True
Morocco,Samir El Mourabet,France,France; Morocco,Morocco,True
Morocco,Gessime Yassine,France,France,Morocco,True
Morocco,Amine Sbaï,,,Morocco,False
Morocco,Chadi Riad,Spain,Morocco,Morocco,True
Morocco,Youssef Belammari,,,Morocco,False
Morocco,Ayoub El Kaabi,,,Morocco,False
Morocco,Ayoube Amaimouni,Spain,Morocco; Spain,Morocco,True
Morocco,Ahmed Reda Tagnaouti,Morocco,Morocco,Morocco,True
Morocco,Bilal El Khannouss,,,Morocco,False
Morocco,Neil El Aynaoui,France,France; Morocco,Morocco,True
Morocco,Redouane Halhal,,,Morocco,False
Morocco,Anass Salah-Eddine,,,Morocco,False
Scotland,Angus Gunn,England,United Kingdom,Scotland,True
Scotland,Aaron Hickey,United Kingdom,United Kingdom,Scotland,True
Scotland,Andy Robertson,Scotland,United Kingdom,Scotland,True
Scotland,Scott McTominay,England,United Kingdom,Scotland,True
Scotland,Grant Hanley,Scotland,United Kingdom,Scotland,True
Scotland,Kieran Tierney,Isle of Man,United Kingdom,Scotland,True
Scotland,John McGinn,Scotland,United Kingdom,Scotland,True
Scotland,Tyler Fletcher,England,United Kingdom,Scotland,True
Scotland,Lyndon Dykes,Australia,Australia; United Kingdom,Scotland,True
Scotland,Ché Adams,England,United Kingdom,Scotland,True
Scotland,Ryan Christie,Scotland,United Kingdom,Scotland,True
Scotland,Liam Kelly,Scotland,United Kingdom,Scotland,True
Scotland,Jack Hendry,,,Scotland,False
Scotland,Ross Stewart,,,Scotland,False
Scotland,John Souttar,Scotland,United Kingdom,Scotland,True
Scotland,Dominic Hyam,Scotland,United Kingdom,Scotland,True
Scotland,Ben Gannon-Doak,Scotland,United Kingdom,Scotland,True
Scotland,George Hirst,,,Scotland,False
Scotland,Lewis Ferguson,,,Scotland,False
Scotland,Lawrence Shankland,,,Scotland,False
Scotland,Craig Gordon,Scotland,United Kingdom,Scotland,True
Scotland,Nathan Patterson,Scotland,United Kingdom,Scotland,True
Scotland,Kenny McLean,Scotland,United Kingdom,Scotland,True
Scotland,Anthony Ralston,Scotland,United Kingdom,Scotland,True
Scotland,Findlay Curtis,Scotland,United Kingdom,Scotland,True
Scotland,Scott McKenna,Scotland,United Kingdom,Scotland,True
Australia,Mathew Ryan,Australia,Australia,Australia,True
Australia,Miloš Degenek,Croatia,Australia,Australia,True
Australia,Alessandro Circati,Italy,Australia; Italy,Australia,True
Australia,Jacob Italiano,Australia,Australia,Australia,True
Australia,Jordan Bos,Australia,Australia,Australia,True
Australia,Jason Geria,Australia,Australia,Australia,True
Australia,Mathew Leckie,,,Australia,False
Australia,Connor Metcalfe,Australia,Australia,Australia,True
Australia,Mohamed Touré,Guinea,Australia; Guinea,Australia,True
Australia,Ajdin Hrustic,,,Australia,False
Australia,Awer Mabil,Kenya,Australia,Australia,True
Australia,Paul Izzo,Australia,Australia,Australia,True
Australia,Aiden O'Neill,,,Australia,False
Australia,Cammy Devlin,Australia,Australia,Australia,True
Australia,Kai Trewin,Australia,Australia,Australia,True
Australia,Aziz Behich,Australia,Australia,Australia,True
Australia,Nestory Irankunda,,,Australia,False
Australia,Patrick Beach,Australia,Australia,Australia,True
Australia,Harry Souttar,,,Australia,False
Australia,Cristian Volpato,Australia,Australia; Italy,Australia,True
Australia,Cameron Burgess,,,Australia,False
Australia,Jackson Irvine,Australia,Australia,Australia,True
Australia,Nishan Velupillay,Australia,Australia,Australia,True
Australia,Paul Okon-Engstler,Belgium,Australia; Italy,Australia,True
Australia,Lucas Herrington,Australia,Australia,Australia,True
Australia,Tete Yengi,Australia,Australia,Australia,True
Paraguay,Gatito Fernández,Paraguay,Paraguay,Paraguay,True
Paraguay,Gustavo Velázquez,Paraguay,Paraguay,Paraguay,True
Paraguay,Omar Alderete,,,Paraguay,False
Paraguay,Juan José Cáceres,,,Paraguay,False
Paraguay,Fabián Balbuena,Paraguay,Paraguay,Paraguay,True
Paraguay,Júnior Alonso,,,Paraguay,False
Paraguay,Ramón Sosa,,,Paraguay,False
Paraguay,Diego Gómez,Paraguay,Paraguay,Paraguay,True
Paraguay,Antonio Sanabria,,,Paraguay,False
Paraguay,Miguel Almirón,Paraguay,Paraguay,Paraguay,True
Paraguay,Maurício,Brazil,Brazil; Paraguay,Paraguay,True
Paraguay,Orlando Gill,Paraguay,Paraguay,Paraguay,True
Paraguay,José Canale,,,Paraguay,False
Paraguay,Andrés Cubas,Argentina,Argentina; Paraguay,Paraguay,True
Paraguay,Gustavo Gómez,Paraguay,Paraguay,Paraguay,True
Paraguay,Damián Bobadilla,Paraguay,Paraguay,Paraguay,True
Paraguay,Kaku,Argentina,Argentina; Paraguay,Paraguay,True
Paraguay,Álex Arce,Paraguay,Paraguay,Paraguay,True
Paraguay,Julio Enciso,Paraguay,Paraguay,Paraguay,True
Paraguay,Braian Ojeda,Paraguay,Paraguay,Paraguay,True
Paraguay,Gabriel Ávalos,,,Paraguay,False
Paraguay,Gastón Olveira,,,Paraguay,False
Paraguay,Matías Galarza,,,Paraguay,False
Paraguay,Gustavo Caballero,Paraguay,Paraguay,Paraguay,True
Paraguay,Isidro Pitta,Paraguay,Paraguay,Paraguay,True
Paraguay,Alexandro Maidana,Paraguay,Paraguay,Paraguay,True
Turkey,Mert Günok,Turkey,Turkey,Turkey,True
Turkey,Zeki Çelik,Turkey,Turkey,Turkey,True
Turkey,Merih Demiral,Turkey,Turkey,Turkey,True
Turkey,Çağlar Söyüncü,,,Turkey,False
Turkey,Salih Özcan,Germany,Germany; Turkey,Turkey,True
Turkey,Orkun Kökçü,,,Turkey,False
Turkey,Kerem Aktürkoğlu,Turkey,Turkey,Turkey,True
Turkey,Arda Güler,Turkey,Turkey,Turkey,True
Turkey,Deniz Gül,Sweden,Sweden; Turkey,Turkey,True
Turkey,Hakan Çalhanoğlu,,,Turkey,False
Turkey,Kenan Yıldız,Germany,Turkey,Turkey,True
Turkey,Altay Bayındır,Turkey,Turkey,Turkey,True
Turkey,Eren Elmalı,Turkey,Turkey,Turkey,True
Turkey,Abdülkerim Bardakcı,Turkey,Turkey,Turkey,True
Turkey,Ozan Kabak,Turkey,Turkey,Turkey,True
Turkey,İsmail Yüksek,Turkey,Turkey,Turkey,True
Turkey,İrfan Can Kahveci,Turkey,Turkey,Turkey,True
Turkey,Mert Müldür,,,Turkey,False
Turkey,Yunus Akgün,,,Turkey,False
Turkey,Ferdi Kadıoğlu,Netherlands,Canada; Kingdom of the Netherlands; Turkey,Turkey,True
Turkey,Barış Alper Yılmaz,Turkey,Turkey,Turkey,True
Turkey,Kaan Ayhan,,,Turkey,False
Turkey,Uğurcan Çakır,Turkey,Turkey,Turkey,True
Turkey,Oğuz Aydın,Netherlands,Kingdom of the Netherlands; Turkey,Turkey,True
Turkey,Samet Akaydin,Turkey,Turkey,Turkey,True
Turkey,Can Uzun,,,Turkey,False
United States,Matt Turner,United States,Lithuania; United States,United States,True
United States,Sergiño Dest,Netherlands,Kingdom of the Netherlands; United States,United States,True
United States,Chris Richards,United States,United States,United States,True
United States,Tyler Adams,United States,United States,United States,True
United States,Antonee Robinson,England,United Kingdom; United States,United States,True
United States,Auston Trusty,,,United States,False
United States,Giovanni Reyna,,,United States,False
United States,Weston McKennie,,,United States,False
United States,Ricardo Pepi,United States,United States,United States,True
United States,Christian Pulisic,United States,Croatia; United States,United States,True
United States,Brenden Aaronson,,,United States,False
United States,Miles Robinson,,,United States,False
United States,Tim Ream,United States,United States,United States,True
United States,Sebastian Berhalter,,,United States,False
United States,Cristian Roldan,United States,United States,United States,True
United States,Alex Freeman,United States,United States,United States,True
United States,Malik Tillman,,,United States,False
United States,Max Arfsten,United States,United States,United States,True
United States,Haji Wright,United States,United States,United States,True
United States,Folarin Balogun,,,United States,False
United States,Timothy Weah,,,United States,False
United States,Mark McKenzie,United States,United States,United States,True
United States,Joe Scally,United States,United States,United States,True
United States,Matt Freese,,,United States,False
United States,Chris Brady,United States,United States,United States,True
United States,Alejandro Zendejas,Mexico,Mexico; United States,United States,True
Curaçao,Eloy Room,Netherlands,Kingdom of the Netherlands,Curaçao,True
Curaçao,Shurandy Sambo,Netherlands,Kingdom of the Netherlands,Curaçao,True
Curaçao,Juriën Gaari,Netherlands,Kingdom of the Netherlands,Curaçao,True
Curaçao,Roshon van Eijma,Netherlands,Kingdom of the Netherlands,Curaçao,True
Curaçao,Sherel Floranus,Netherlands,Kingdom of the Netherlands,Curaçao,True
Curaçao,Godfried Roemeratoe,,,Curaçao,False
Curaçao,Juninho Bacuna,,,Curaçao,False
Curaçao,Livano Comenencia,Netherlands,Kingdom of the Netherlands,Curaçao,True
Curaçao,Jürgen Locadia,Netherlands,Kingdom of the Netherlands,Curaçao,True
Curaçao,Leandro Bacuna,Netherlands,Kingdom of the Netherlands,Curaçao,True
Curaçao,Jeremy Antonisse,Netherlands,Kingdom of the Netherlands,Curaçao,True
Curaçao,Sontje Hansen,Netherlands,Kingdom of the Netherlands,Curaçao,True
Curaçao,Tyrese Noslin,,,Curaçao,False
Curaçao,Kenji Gorré,Netherlands,Kingdom of the Netherlands,Curaçao,True
Curaçao,Ar'jany Martha,Netherlands,Kingdom of the Netherlands,Curaçao,True
Curaçao,Jearl Margaritha,Netherlands,Kingdom of the Netherlands,Curaçao,True
Curaçao,Brandley Kuwas,Netherlands,Kingdom of the Netherlands,Curaçao,True
Curaçao,Armando Obispo,,,Curaçao,False
Curaçao,Gervane Kastaneer,Netherlands,Kingdom of the Netherlands,Curaçao,True
Curaçao,Joshua Brenet,Netherlands,Kingdom of the Netherlands,Curaçao,True
Curaçao,Tahith Chong,,,Curaçao,False
Curaçao,Kevin Felida,Netherlands,Kingdom of the Netherlands,Curaçao,True
Curaçao,Riechedly Bazoer,Netherlands,Kingdom of the Netherlands,Curaçao,True
Curaçao,Deveron Fonville,Netherlands,Kingdom of the Netherlands,Curaçao,True
Curaçao,Tyrick Bodak,,,Curaçao,False
Curaçao,Trevor Doornbusch,,,Curaçao,False
Ecuador,Hernán Galíndez,,,Ecuador,False
Ecuador,Félix Torres,Ecuador,Ecuador,Ecuador,True
Ecuador,Piero Hincapié,Ecuador,Ecuador,Ecuador,True
Ecuador,Joel Ordóñez,Ecuador,Ecuador,Ecuador,True
Ecuador,Jordy Alcívar,Ecuador,Ecuador,Ecuador,True
Ecuador,Willian Pacho,Ecuador,Ecuador,Ecuador,True
Ecuador,Pervis Estupiñán,,,Ecuador,False
Ecuador,Anthony Valencia,Ecuador,Ecuador,Ecuador,True
Ecuador,John Yeboah,,,Ecuador,False
Ecuador,Kendry Páez,Ecuador,Ecuador,Ecuador,True
Ecuador,Kevin Rodríguez,Ecuador,Ecuador,Ecuador,True
Ecuador,Moisés Ramírez,Ecuador,Ecuador,Ecuador,True
Ecuador,Enner Valencia,,,Ecuador,False
Ecuador,Alan Minda,Ecuador,Ecuador,Ecuador,True
Ecuador,Pedro Vite,Ecuador,Ecuador,Ecuador,True
Ecuador,Jordy Caicedo,Ecuador,Ecuador,Ecuador,True
Ecuador,Ángelo Preciado,,,Ecuador,False
Ecuador,Denil Castillo,,,Ecuador,False
Ecuador,Gonzalo Plata,Ecuador,Ecuador,Ecuador,True
Ecuador,Nilson Angulo,Ecuador,Ecuador,Ecuador,True
Ecuador,Alan Franco,Ecuador,Ecuador,Ecuador,True
Ecuador,Gonzalo Valle,Ecuador,Ecuador,Ecuador,True
Ecuador,Moisés Caicedo,Ecuador,Ecuador,Ecuador,True
Ecuador,Jeremy Arévalo,Spain,Ecuador; Spain,Ecuador,True
Ecuador,Jackson Porozo,Ecuador,Ecuador,Ecuador,True
Ecuador,Yaimar Medina,Ecuador,Ecuador,Ecuador,True
Germany,Manuel Neuer,Germany,Germany,Germany,True
Germany,Antonio Rüdiger,Germany,Germany,Germany,True
Germany,Waldemar Anton,,,Germany,False
Germany,Jonathan Tah,Germany,Germany,Germany,True
Germany,Aleksandar Pavlović,Germany,Germany,Germany,True
Germany,Joshua Kimmich,Germany,Germany,Germany,True
Germany,Kai Havertz,,,Germany,False
Germany,Leon Goretzka,Germany,Germany,Germany,True
Germany,Jamie Leweling,,,Germany,False
Germany,Jamal Musiala,Germany,Germany; United Kingdom,Germany,True
Germany,Nick Woltemade,,,Germany,False
Germany,Oliver Baumann,Germany,Germany,Germany,True
Germany,Pascal Groß,,,Germany,False
Germany,Maximilian Beier,Germany,Germany,Germany,True
Germany,Nico Schlotterbeck,Germany,Germany,Germany,True
Germany,Angelo Stiller,Germany,Germany,Germany,True
Germany,Florian Wirtz,Germany,Germany,Germany,True
Germany,Nathaniel Brown,,,Germany,False
Germany,Leroy Sané,Germany,Germany; Senegal,Germany,True
Germany,Nadiem Amiri,,,Germany,False
Germany,Alexander Nübel,Germany,Germany,Germany,True
Germany,David Raum,,,Germany,False
Germany,Felix Nmecha,Germany,Germany,Germany,True
Germany,Malick Thiaw,Germany,Finland; Germany,Germany,True
Germany,Assan Ouédraogo,Germany,Germany,Germany,True
Germany,Deniz Undav,Germany,Germany; Turkey,Germany,True
Ivory Coast,Yahia Fofana,France,France; Ivory Coast,Ivory Coast,True
Ivory Coast,Ousmane Diomande,,,Ivory Coast,False
Ivory Coast,Ghislain Konan,Ivory Coast,Ivory Coast,Ivory Coast,True
Ivory Coast,Jean Michaël Seri,Ivory Coast,Ivory Coast,Ivory Coast,True
Ivory Coast,Wilfried Singo,,,Ivory Coast,False
Ivory Coast,Seko Fofana,France,France; Ivory Coast,Ivory Coast,True
Ivory Coast,Odilon Kossounou,,,Ivory Coast,False
Ivory Coast,Franck Kessié,Ivory Coast,Ivory Coast,Ivory Coast,True
Ivory Coast,Ange-Yoan Bonny,France,France; Ivory Coast,Ivory Coast,True
Ivory Coast,Simon Adingra,Ivory Coast,Ivory Coast,Ivory Coast,True
Ivory Coast,Yan Diomande,,,Ivory Coast,False
Ivory Coast,Elye Wahi,France,France; Ivory Coast,Ivory Coast,True
Ivory Coast,Christopher Opéri,Ivory Coast,France; Ivory Coast,Ivory Coast,True
Ivory Coast,Oumar Diakité,Ivory Coast,Ivory Coast,Ivory Coast,True
Ivory Coast,Amad Diallo,Ivory Coast,Ivory Coast,Ivory Coast,True
Ivory Coast,Mohamed Koné,Ivory Coast,France; Ivory Coast,Ivory Coast,True
Ivory Coast,Guéla Doué,France,France; Ivory Coast,Ivory Coast,True
Ivory Coast,Ibrahim Sangaré,Ivory Coast,Ivory Coast,Ivory Coast,True
Ivory Coast,Nicolas Pépé,France,France,Ivory Coast,True
Ivory Coast,Emmanuel Agbadou,Ivory Coast,Ivory Coast,Ivory Coast,True
Ivory Coast,Evan Ndicka,,,Ivory Coast,False
Ivory Coast,Evann Guessand,,,Ivory Coast,False
Ivory Coast,Alban Lafont,Burkina Faso,Burkina Faso; France; Ivory Coast,Ivory Coast,True
Ivory Coast,Bazoumana Touré,,,Ivory Coast,False
Ivory Coast,Parfait Guiagon,Ivory Coast,Ivory Coast,Ivory Coast,True
Ivory Coast,Christ Inao Oulaï,Ivory Coast,Ivory Coast,Ivory Coast,True
Japan,Zion Suzuki,,,Japan,False
Japan,Yukinari Sugawara,Japan,Japan,Japan,True
Japan,Shōgo Taniguchi,Japan,Japan,Japan,True
Japan,Kō Itakura,Japan,Japan,Japan,True
Japan,Yūto Nagatomo,,,Japan,False
Japan,Shūto Machino,,,Japan,False
Japan,Ao Tanaka,,,Japan,False
Japan,Takefusa Kubo,Japan,Japan,Japan,True
Japan,Keisuke Gotō,Japan,Japan,Japan,True
Japan,Ritsu Dōan,,,Japan,False
Japan,Daizen Maeda,Japan,Japan,Japan,True
Japan,Keisuke Ōsako,,,Japan,False
Japan,Keito Nakamura,Japan,Japan,Japan,True
Japan,Junya Itō,Japan,Japan,Japan,True
Japan,Daichi Kamada,,,Japan,False
Japan,Tsuyoshi Watanabe,Japan,Japan,Japan,True
Japan,Yuito Suzuki,Japan,Japan,Japan,True
Japan,Ayase Ueda,Japan,Japan,Japan,True
Japan,Kōki Ogawa,Japan,Japan,Japan,True
Japan,Ayumu Seko,Japan,Japan,Japan,True
Japan,Hiroki Itō,Japan,Japan,Japan,True
Japan,Takehiro Tomiyasu,Japan,Japan,Japan,True
Japan,Tomoki Hayakawa,Japan,Japan,Japan,True
Japan,Kaishū Sano,Japan,Japan,Japan,True
Japan,Junnosuke Suzuki,Japan,Japan,Japan,True
Japan,Kento Shiogai,,,Japan,False
Netherlands,Bart Verbruggen,,,Netherlands,False
Netherlands,Lutsharel Geertruida,,,Netherlands,False
Netherlands,Marten de Roon,Netherlands,Kingdom of the Netherlands,Netherlands,True
Netherlands,Virgil van Dijk,Netherlands,Kingdom of the Netherlands,Netherlands,True
Netherlands,Nathan Aké,Netherlands,Kingdom of the Netherlands,Netherlands,True
Netherlands,Jan Paul van Hecke,Netherlands,Kingdom of the Netherlands,Netherlands,True
Netherlands,Justin Kluivert,Netherlands,Kingdom of the Netherlands,Netherlands,True
Netherlands,Ryan Gravenberch,,,Netherlands,False
Netherlands,Wout Weghorst,Netherlands,Kingdom of the Netherlands,Netherlands,True
Netherlands,Memphis Depay,,,Netherlands,False
Netherlands,Cody Gakpo,Netherlands,Kingdom of the Netherlands,Netherlands,True
Netherlands,Mats Wieffer,Netherlands,Kingdom of the Netherlands,Netherlands,True
Netherlands,Robin Roefs,,,Netherlands,False
Netherlands,Tijjani Reijnders,Netherlands,Kingdom of the Netherlands,Netherlands,True
Netherlands,Micky van de Ven,,,Netherlands,False
Netherlands,Guus Til,Zambia,Kingdom of the Netherlands,Netherlands,True
Netherlands,Noa Lang,Netherlands,Kingdom of the Netherlands,Netherlands,True
Netherlands,Donyell Malen,Netherlands,Kingdom of the Netherlands,Netherlands,True
Netherlands,Brian Brobbey,,,Netherlands,False
Netherlands,Teun Koopmeiners,Netherlands,Kingdom of the Netherlands,Netherlands,True
Netherlands,Frenkie de Jong,Netherlands,Kingdom of the Netherlands,Netherlands,True
Netherlands,Denzel Dumfries,Netherlands,Kingdom of the Netherlands,Netherlands,True
Netherlands,Mark Flekken,Netherlands,Kingdom of the Netherlands,Netherlands,True
Netherlands,Crysencio Summerville,Netherlands,Kingdom of the Netherlands,Netherlands,True
Netherlands,Jorrel Hato,Netherlands,Kingdom of the Netherlands,Netherlands,True
Netherlands,Quinten Timber,Netherlands,Kingdom of the Netherlands,Netherlands,True
Sweden,Jacob Widell Zetterström,Sweden,Sweden,Sweden,True
Sweden,Gustaf Lagerbielke,Sweden,Sweden,Sweden,True
Sweden,Victor Lindelöf,,,Sweden,False
Sweden,Isak Hien,Sweden,Sweden,Sweden,True
Sweden,Gabriel Gudmundsson,Sweden,Sweden,Sweden,True
Sweden,Herman Johansson,Sweden,Sweden,Sweden,True
Sweden,Lucas Bergvall,Sweden,Sweden,Sweden,True
Sweden,Daniel Svensson,Sweden,Sweden,Sweden,True
Sweden,Alexander Isak,Sweden,Sweden,Sweden,True
Sweden,Benjamin Nygren,Sweden,Sweden,Sweden,True
Sweden,Anthony Elanga,Sweden,Sweden,Sweden,True
Sweden,Viktor Johansson,Sweden,Sweden,Sweden,True
Sweden,Ken Sema,,,Sweden,False
Sweden,Hjalmar Ekdal,Sweden,Sweden,Sweden,True
Sweden,Carl Starfelt,Sweden,Sweden,Sweden,True
Sweden,Jesper Karlström,Sweden,Sweden,Sweden,True
Sweden,Viktor Gyökeres,Sweden,Sweden,Sweden,True
Sweden,Yasin Ayari,Sweden,Sweden; Tunisia,Sweden,True
Sweden,Mattias Svanberg,,,Sweden,False
Sweden,Eric Smith,Sweden,Sweden,Sweden,True
Sweden,Alexander Bernhardsson,Sweden,Sweden,Sweden,True
Sweden,Besfort Zeneli,Sweden,Kosovo; Sweden,Sweden,True
Sweden,Kristoffer Nordfeldt,Sweden,Sweden,Sweden,True
Sweden,Elliot Stroud,,,Sweden,False
Sweden,Gustaf Nilsson,,,Sweden,False
Sweden,Taha Ali,,,Sweden,False
Tunisia,Mouhib Chamakh,,,Tunisia,False
Tunisia,Ali Abdi,,,Tunisia,False
Tunisia,Montassar Talbi,France,France; Tunisia,Tunisia,True
Tunisia,Omar Rekik,Netherlands,Kingdom of the Netherlands; Tunisia,Tunisia,True
Tunisia,Adem Arous,Saudi Arabia,Tunisia,Tunisia,True
Tunisia,Dylan Bronn,France,France; Tunisia,Tunisia,True
Tunisia,Elias Achouri,,,Tunisia,False
Tunisia,Elias Saad,Germany,Germany; Tunisia,Tunisia,True
Tunisia,Hazem Mastouri,Tunisia,Tunisia,Tunisia,True
Tunisia,Hannibal Mejbri,France,France; Tunisia,Tunisia,True
Tunisia,Ismaël Gharbi,France,France; Spain; Tunisia,Tunisia,True
Tunisia,Mortadha Ben Ouanes,Tunisia,Tunisia,Tunisia,True
Tunisia,Rani Khedira,Germany,Germany; Tunisia,Tunisia,True
Tunisia,Khalil Ayari,Tunisia,Tunisia,Tunisia,True
Tunisia,Hadj Mahmoud,Tunisia,Tunisia,Tunisia,True
Tunisia,Aymen Dahmen,Tunisia,Tunisia,Tunisia,True
Tunisia,Ellyes Skhiri,France,France; Tunisia,Tunisia,True
Tunisia,Rayan Elloumi,Canada,Canada; Tunisia,Tunisia,True
Tunisia,Firas Chaouat,Tunisia,Tunisia,Tunisia,True
Tunisia,Yan Valery,France,France; Tunisia,Tunisia,True
Tunisia,Mohamed Amine Ben Hamida,Tunisia,Tunisia,Tunisia,True
Tunisia,Sabri Ben Hessen,Tunisia,Tunisia,Tunisia,True
Tunisia,Moutaz Neffati,,,Tunisia,False
Tunisia,Raed Chikhaoui,Tunisia,Tunisia,Tunisia,True
Tunisia,Anis Ben Slimane,Denmark,Kingdom of Denmark; Tunisia,Tunisia,True
Tunisia,Sebastian Tounekti,Norway,Norway; Tunisia,Tunisia,True
Belgium,Thibaut Courtois,Belgium,Belgium,Belgium,True
Belgium,Zeno Debast,Belgium,Belgium,Belgium,True
Belgium,Arthur Theate,Belgium,Belgium,Belgium,True
Belgium,Brandon Mechele,,,Belgium,False
Belgium,Maxim De Cuyper,,,Belgium,False
Belgium,Axel Witsel,Belgium,Belgium,Belgium,True
Belgium,Kevin De Bruyne,Belgium,Belgium,Belgium,True
Belgium,Youri Tielemans,,,Belgium,False
Belgium,Romelu Lukaku,,,Belgium,False
Belgium,Leandro Trossard,Belgium,Belgium,Belgium,True
Belgium,Jérémy Doku,Belgium,Belgium,Belgium,True
Belgium,Senne Lammens,Belgium,Belgium,Belgium,True
Belgium,Mike Penders,Belgium,Belgium,Belgium,True
Belgium,Dodi Lukébakio,Belgium,Belgium,Belgium,True
Belgium,Thomas Meunier,Belgium,Belgium,Belgium,True
Belgium,Koni De Winter,Belgium,Belgium,Belgium,True
Belgium,Charles De Ketelaere,,,Belgium,False
Belgium,Joaquin Seys,Belgium,Belgium,Belgium,True
Belgium,Diego Moreira,Belgium,Belgium; Portugal,Belgium,True
Belgium,Hans Vanaken,Belgium,Belgium,Belgium,True
Belgium,Timothy Castagne,Belgium,Belgium,Belgium,True
Belgium,Alexis Saelemaekers,Belgium,Belgium,Belgium,True
Belgium,Nicolas Raskin,,,Belgium,False
Belgium,Amadou Onana,Senegal,Belgium,Belgium,True
Belgium,Nathan Ngoy,Belgium,Belgium,Belgium,True
Belgium,Matias Fernandez-Pardo,,,Belgium,False
Egypt,Mohamed El Shenawy,Egypt,Egypt,Egypt,True
Egypt,Yasser Ibrahim,Egypt,Egypt,Egypt,True
Egypt,Mohamed Hany,Egypt,Egypt,Egypt,True
Egypt,Hossam Abdelmaguid,Egypt,Egypt,Egypt,True
Egypt,Ramy Rabia,Egypt,Egypt,Egypt,True
Egypt,Mohamed Abdelmonem,Egypt,Egypt,Egypt,True
Egypt,Trézéguet,Egypt,Egypt,Egypt,True
Egypt,Emam Ashour,Egypt,Egypt,Egypt,True
Egypt,Hamza Abdelkarim,Egypt,Egypt,Egypt,True
Egypt,Mohamed Salah,Egypt,Egypt,Egypt,True
Egypt,Mostafa Ziko,Egypt,Egypt,Egypt,True
Egypt,Haissem Hassan,France,Egypt; France,Egypt,True
Egypt,Ahmed Fatouh,Egypt,Egypt,Egypt,True
Egypt,Hamdy Fathy,Egypt,Egypt,Egypt,True
Egypt,Karim Hafez,Egypt,Egypt,Egypt,True
Egypt,El Mahdy Soliman,Egypt,Egypt,Egypt,True
Egypt,Mohanad Lasheen,,,Egypt,False
Egypt,Nabil Emad,,,Egypt,False
Egypt,Marwan Attia,,,Egypt,False
Egypt,Ibrahim Adel,Egypt,Egypt,Egypt,True
Egypt,Mahmoud Saber,,Egypt,Egypt,False
Egypt,Omar Marmoush,Egypt,Egypt,Egypt,True
Egypt,Mostafa Shobeir,Egypt,Egypt,Egypt,True
Egypt,Tarek Alaa,,Egypt,Egypt,False
Egypt,Zizo,Egypt,Egypt,Egypt,True
Egypt,Mohamed Alaa,Egypt,Egypt,Egypt,True
Iran,Alireza Beiranvand,,,Iran,False
Iran,Saleh Hardani,,,Iran,False
Iran,Ehsan Hajsafi,Iran,Iran,Iran,True
Iran,Shojae Khalilzadeh,Iran,Iran,Iran,True
Iran,Milad Mohammadi,Iran,Iran,Iran,True
Iran,Saeid Ezatolahi,,,Iran,False
Iran,Alireza Jahanbakhsh,Iran,Iran,Iran,True
Iran,Mohammad Mohebi,Iran,Iran,Iran,True
Iran,Mehdi Taremi,Iran,Iran,Iran,True
Iran,Mehdi Ghayedi,Iran,Iran,Iran,True
Iran,Ali Alipour,Iran,Iran,Iran,True
Iran,Payam Niazmand,Iran,Iran,Iran,True
Iran,Hossein Kanaanizadegan,,,Iran,False
Iran,Saman Ghoddos,,,Iran,False
Iran,Rouzbeh Cheshmi,Iran,Iran,Iran,True
Iran,Mahdi Torabi,Iran,Iran,Iran,True
Iran,Arya Yousefi,Iran,Iran,Iran,True
Iran,Amirhossein Hosseinzadeh,Iran,Belgium,Iran,True
Iran,Ali Nemati,Iran,Iran,Iran,True
Iran,Shahriyar Moghanlou,,,Iran,False
Iran,Mohammad Ghorbani,,,Iran,False
Iran,Hossein Hosseini,Iran,Iran,Iran,True
Iran,Ramin Rezaeian,Iran,Iran,Iran,True
Iran,Dennis Eckert,Germany,Germany; Iran; Spain,Iran,True
Iran,Danial Eiri,,,Iran,False
Iran,Amirmohammad Razzaghinia,,,Iran,False
New Zealand,Max Crocombe,New Zealand,New Zealand,New Zealand,True
New Zealand,Tim Payne,New Zealand,New Zealand,New Zealand,True
New Zealand,Francis de Vries,New Zealand,New Zealand,New Zealand,True
New Zealand,Tyler Bindon,New Zealand,New Zealand,New Zealand,True
New Zealand,Michael Boxall,New Zealand,New Zealand,New Zealand,True
New Zealand,Joe Bell,England,New Zealand,New Zealand,True
New Zealand,Logan Rogerson,New Zealand,New Zealand,New Zealand,True
New Zealand,Marko Stamenić,New Zealand,New Zealand,New Zealand,True
New Zealand,Chris Wood,New Zealand,New Zealand,New Zealand,True
New Zealand,Sarpreet Singh,,,New Zealand,False
New Zealand,Elijah Just,,,New Zealand,False
New Zealand,Alex Paulsen,New Zealand,New Zealand,New Zealand,True
New Zealand,Liberato Cacace,,,New Zealand,False
New Zealand,Alex Rufer,New Zealand,New Zealand,New Zealand,True
New Zealand,Nando Pijnaker,Netherlands,New Zealand,New Zealand,True
New Zealand,Finn Surman,,,New Zealand,False
New Zealand,Kosta Barbarouses,New Zealand,Greece; New Zealand,New Zealand,True
New Zealand,Ben Waine,,,New Zealand,False
New Zealand,Ben Old,New Zealand,New Zealand,New Zealand,True
New Zealand,Callum McCowatt,New Zealand,New Zealand,New Zealand,True
New Zealand,Jesse Randall,,,New Zealand,False
New Zealand,Michael Woud,New Zealand,New Zealand,New Zealand,True
New Zealand,Ryan Thomas,New Zealand,New Zealand,New Zealand,True
New Zealand,Callan Elliot,United Kingdom,New Zealand,New Zealand,True
New Zealand,Lachlan Bayliss,Australia,Australia; New Zealand,New Zealand,True
New Zealand,Tommy Smith,England,New Zealand; United Kingdom,New Zealand,True
Cape Verde,Vozinha,Cape Verde,Cape Verde,Cape Verde,True
Cape Verde,Stopira,Cape Verde,Cape Verde; Portugal,Cape Verde,True
Cape Verde,Diney,Cape Verde,Portugal,Cape Verde,True
Cape Verde,Pico,Ireland,Cape Verde; Ireland,Cape Verde,True
Cape Verde,Logan Costa,France,Cape Verde; France,Cape Verde,True
Cape Verde,Kevin Pina,Cape Verde,Cape Verde,Cape Verde,True
Cape Verde,Jovane Cabral,Cape Verde,Cape Verde,Cape Verde,True
Cape Verde,João Paulo,Cape Verde,Cape Verde,Cape Verde,True
Cape Verde,Gilson Benchimol,Cape Verde,Cape Verde,Cape Verde,True
Cape Verde,Jamiro Monteiro,Netherlands,Cape Verde; Kingdom of the Netherlands,Cape Verde,True
Cape Verde,Garry Rodrigues,Netherlands,Cape Verde; Kingdom of the Netherlands,Cape Verde,True
Cape Verde,Márcio Rosa,,,Cape Verde,False
Cape Verde,Sidny Lopes Cabral,Netherlands,Cape Verde,Cape Verde,True
Cape Verde,Deroy Duarte,,,Cape Verde,False
Cape Verde,Laros Duarte,,,Cape Verde,False
Cape Verde,Yannick Semedo,Cape Verde,Cape Verde,Cape Verde,True
Cape Verde,Willy Semedo,France,Cape Verde; France,Cape Verde,True
Cape Verde,Telmo Arcanjo,Portugal,Cape Verde; Portugal,Cape Verde,True
Cape Verde,Dailon Livramento,Netherlands,Cape Verde; Kingdom of the Netherlands,Cape Verde,True
Cape Verde,Ryan Mendes,,,Cape Verde,False
Cape Verde,Nuno da Costa,Cape Verde,Cape Verde,Cape Verde,True
Cape Verde,Steven Moreira,France,Cape Verde; France,Cape Verde,True
Cape Verde,CJ dos Santos,,,Cape Verde,False
Cape Verde,Wagner Pina,Portugal,Cape Verde; Portugal,Cape Verde,True
Cape Verde,Kelvin Pires,Cape Verde,Cape Verde,Cape Verde,True
Cape Verde,Hélio Varela,Portugal,Cape Verde; Portugal,Cape Verde,True
Saudi Arabia,Nawaf Al-Aqidi,Saudi Arabia,Saudi Arabia,Saudi Arabia,True
Saudi Arabia,Ali Majrashi,Saudi Arabia,Saudi Arabia,Saudi Arabia,True
Saudi Arabia,Ali Lajami,,,Saudi Arabia,False
Saudi Arabia,Abdulelah Al-Amri,Saudi Arabia,Saudi Arabia,Saudi Arabia,True
Saudi Arabia,Hassan Al-Tambakti,Saudi Arabia,Saudi Arabia,Saudi Arabia,True
Saudi Arabia,Nasser Al-Dawsari,Saudi Arabia,Saudi Arabia,Saudi Arabia,True
Saudi Arabia,Musab Al-Juwayr,Saudi Arabia,Saudi Arabia,Saudi Arabia,True
Saudi Arabia,Ayman Yahya,,,Saudi Arabia,False
Saudi Arabia,Firas Al-Buraikan,Saudi Arabia,Saudi Arabia,Saudi Arabia,True
Saudi Arabia,Salem Al-Dawsari,Saudi Arabia,Saudi Arabia,Saudi Arabia,True
Saudi Arabia,Saleh Al-Shehri,Saudi Arabia,Saudi Arabia,Saudi Arabia,True
Saudi Arabia,Saud Abdulhamid,,,Saudi Arabia,False
Saudi Arabia,Nawaf Boushal,Saudi Arabia,Saudi Arabia,Saudi Arabia,True
Saudi Arabia,Hassan Kadesh,Saudi Arabia,Saudi Arabia,Saudi Arabia,True
Saudi Arabia,Abdullah Al-Khaibari,Saudi Arabia,Saudi Arabia,Saudi Arabia,True
Saudi Arabia,Ziyad Al-Johani,Saudi Arabia,Saudi Arabia,Saudi Arabia,True
Saudi Arabia,Khalid Al-Ghannam,Saudi Arabia,Saudi Arabia,Saudi Arabia,True
Saudi Arabia,Alaa Al-Hejji,Saudi Arabia,Saudi Arabia,Saudi Arabia,True
Saudi Arabia,Abdullah Al-Hamdan,Saudi Arabia,Saudi Arabia,Saudi Arabia,True
Saudi Arabia,Sultan Mandash,Saudi Arabia,Saudi Arabia,Saudi Arabia,True
Saudi Arabia,Mohammed Al-Owais,Saudi Arabia,Saudi Arabia,Saudi Arabia,True
Saudi Arabia,Ahmed Al-Kassar,Saudi Arabia,Saudi Arabia,Saudi Arabia,True
Saudi Arabia,Mohamed Kanno,,,Saudi Arabia,False
Saudi Arabia,Moteb Al-Harbi,Saudi Arabia,Saudi Arabia,Saudi Arabia,True
Saudi Arabia,Jehad Thakri,Saudi Arabia,Saudi Arabia,Saudi Arabia,True
Saudi Arabia,Mohammed Abu Al-Shamat,Saudi Arabia,Saudi Arabia,Saudi Arabia,True
Spain,David Raya,Spain,Spain,Spain,True
Spain,Marc Pubill,Spain,Spain,Spain,True
Spain,Álex Grimaldo,Spain,Spain,Spain,True
Spain,Eric García,Spain,Spain,Spain,True
Spain,Marcos Llorente,Spain,Spain,Spain,True
Spain,Mikel Merino,Spain,Spain,Spain,True
Spain,Ferran Torres,,,Spain,False
Spain,Fabián Ruiz,Spain,Spain,Spain,True
Spain,Gavi,Spain,Spain,Spain,True
Spain,Dani Olmo,Spain,Spain,Spain,True
Spain,Yéremy Pino,,,Spain,False
Spain,Pedro Porro,Spain,Spain,Spain,True
Spain,Joan Garcia,Spain,Spain,Spain,True
Spain,Aymeric Laporte,,,Spain,False
Spain,Álex Baena,Spain,Spain,Spain,True
Spain,Rodri,Spain,Spain,Spain,True
Spain,Nico Williams,Spain,Ghana; Spain,Spain,True
Spain,Martín Zubimendi,Spain,Spain,Spain,True
Spain,Lamine Yamal,Spain,Equatorial Guinea; Spain,Spain,True
Spain,Pedri,,,Spain,False
Spain,Mikel Oyarzabal,,,Spain,False
Spain,Pau Cubarsí,Spain,Spain,Spain,True
Spain,Unai Simón,Spain,Spain,Spain,True
Spain,Marc Cucurella,Spain,Spain,Spain,True
Spain,Víctor Muñoz,,,Spain,False
Spain,Borja Iglesias,,,Spain,False
Uruguay,Sergio Rochet,,,Uruguay,False
Uruguay,José María Giménez,Uruguay,Uruguay,Uruguay,True
Uruguay,Sebastián Cáceres,Uruguay,Uruguay,Uruguay,True
Uruguay,Ronald Araújo,,,Uruguay,False
Uruguay,Manuel Ugarte,Uruguay,Uruguay,Uruguay,True
Uruguay,Rodrigo Bentancur,Uruguay,Uruguay,Uruguay,True
Uruguay,Nicolás de la Cruz,Uruguay,Uruguay,Uruguay,True
Uruguay,Federico Valverde,Uruguay,Uruguay,Uruguay,True
Uruguay,Darwin Núñez,Uruguay,Uruguay,Uruguay,True
Uruguay,Giorgian de Arrascaeta,Uruguay,Italy; Uruguay,Uruguay,True
Uruguay,Facundo Pellistri,Uruguay,Uruguay,Uruguay,True
Uruguay,Santiago Mele,,,Uruguay,False
Uruguay,Guillermo Varela,Uruguay,Uruguay,Uruguay,True
Uruguay,Agustín Canobbio,Uruguay,Uruguay,Uruguay,True
Uruguay,Emiliano Martínez,Uruguay,Uruguay,Uruguay,True
Uruguay,Mathías Olivera,Uruguay,Spain; Uruguay,Uruguay,True
Uruguay,Matías Viña,Uruguay,Uruguay,Uruguay,True
Uruguay,Brian Rodríguez,Uruguay,Uruguay,Uruguay,True
Uruguay,Rodrigo Aguirre,,,Uruguay,False
Uruguay,Maximiliano Araújo,Uruguay,Uruguay,Uruguay,True
Uruguay,Federico Viñas,Uruguay,Uruguay,Uruguay,True
Uruguay,Joaquín Piquerez,Uruguay,Uruguay,Uruguay,True
Uruguay,Fernando Muslera,Argentina,Uruguay,Uruguay,True
Uruguay,Santiago Bueno,Uruguay,Uruguay,Uruguay,True
Uruguay,Juan Manuel Sanabria,,,Uruguay,False
Uruguay,Rodrigo Zalazar,Spain,Spain; Uruguay,Uruguay,True
France,Brice Samba,Republic of the Congo,France,France,True
France,Malo Gusto,France,France,France,True
France,Lucas Digne,,,France,False
France,Dayot Upamecano,France,France,France,True
France,Jules Koundé,France,France,France,True
France,Manu Koné,France,France,France,True
France,Ousmane Dembélé,France,France,France,True
France,Aurélien Tchouaméni,,,France,False
France,Marcus Thuram,Italy,France,France,True
France,Kylian Mbappé,France,Cameroon; France,France,True
France,Michael Olise,,,France,False
France,Bradley Barcola,,,France,False
France,N'Golo Kanté,France,France; Mali,France,True
France,Adrien Rabiot,,,France,False
France,Ibrahima Konaté,France,France,France,True
France,Mike Maignan,,,France,False
France,William Saliba,France,France,France,True
France,Warren Zaïre-Emery,France,France,France,True
France,Théo Hernandez,,,France,False
France,Désiré Doué,,,France,False
France,Lucas Hernandez,France,France; Spain,France,True
France,Jean-Philippe Mateta,France,France,France,True
France,Robin Risser,France,France,France,True
France,Rayan Cherki,,,France,False
France,Maghnes Akliouche,,,France,False
France,Maxence Lacroix,,,France,False
Iraq,Fahad Talib,,,Iraq,False
Iraq,Rebin Sulaka,Iraq,Iraq; Sweden,Iraq,True
Iraq,Hussein Ali,,,Iraq,False
Iraq,Zaid Tahseen,,,Iraq,False
Iraq,Akam Hashim,Iraq,Iraq,Iraq,True
Iraq,Munaf Younis,Iraq,Iraq,Iraq,True
Iraq,Youssef Amyn,Germany,Germany; Iraq,Iraq,True
Iraq,Ibrahim Bayesh,,,Iraq,False
Iraq,Ali Al-Hamadi,,,Iraq,False
Iraq,Mohanad Ali,Iraq,Iraq,Iraq,True
Iraq,Ahmed Qasem,,,Iraq,False
Iraq,Jalal Hassan,,,Iraq,False
Iraq,Ali Yousif,Iraq,Iraq,Iraq,True
Iraq,Zidane Iqbal,England,Iraq; United Kingdom,Iraq,True
Iraq,Ahmed Maknzi,Iraq,Iraq,Iraq,True
Iraq,Amir Al-Ammari,Sweden,Iraq; Sweden,Iraq,True
Iraq,Ali Jasim,Iraq,Iraq,Iraq,True
Iraq,Aymen Hussein,Iraq,Iraq,Iraq,True
Iraq,Kevin Yakob,Sweden,Iraq; Sweden,Iraq,True
Iraq,Aimar Sher,Iraq,Sweden,Iraq,True
Iraq,Marko Farji,,,Iraq,False
Iraq,Ahmed Basil,Iraq,Iraq,Iraq,True
Iraq,Merchas Doski,Germany,Iraq,Iraq,True
Iraq,Zaid Ismail,,,Iraq,False
Iraq,Mustafa Saadoon,Iraq,Iraq,Iraq,True
Iraq,Frans Putros,Denmark,Iraq; Kingdom of Denmark,Iraq,True
Norway,Ørjan Nyland,Norway,Norway,Norway,True
Norway,Morten Thorsby,Norway,Norway,Norway,True
Norway,Kristoffer Ajer,Norway,Norway,Norway,True
Norway,Leo Østigård,Norway,Norway,Norway,True
Norway,David Møller Wolfe,,,Norway,False
Norway,Patrick Berg,Norway,Norway,Norway,True
Norway,Alexander Sørloth,Norway,Norway,Norway,True
Norway,Sander Berge,Norway,Norway,Norway,True
Norway,Erling Haaland,England,Norway,Norway,True
Norway,Martin Ødegaard,,,Norway,False
Norway,Jørgen Strand Larsen,Norway,Norway,Norway,True
Norway,Sander Tangvik,Norway,Norway,Norway,True
Norway,Egil Selvik,,,Norway,False
Norway,Fredrik Aursnes,Norway,Norway,Norway,True
Norway,Fredrik André Bjørkan,Norway,Norway,Norway,True
Norway,Marcus Holmgren Pedersen,Norway,Norway,Norway,True
Norway,Torbjørn Heggem,Norway,Norway,Norway,True
Norway,Kristian Thorstvedt,Norway,Norway,Norway,True
Norway,Thelo Aasgaard,England,Norway; United Kingdom,Norway,True
Norway,Antonio Nusa,,,Norway,False
Norway,Andreas Schjelderup,Norway,Norway,Norway,True
Norway,Oscar Bobb,Norway,Norway,Norway,True
Norway,Jens Petter Hauge,,,Norway,False
Norway,Sondre Langås,Norway,Norway,Norway,True
Norway,Henrik Falchener,Norway,Norway,Norway,True
Norway,Julian Ryerson,Norway,Norway,Norway,True
Senegal,Yehvann Diouf,France,France; Senegal,Senegal,True
Senegal,Mamadou Sarr,France,France,Senegal,True
Senegal,Kalidou Koulibaly,,,Senegal,False
Senegal,Abdoulaye Seck,,,Senegal,False
Senegal,Idrissa Gueye,,,Senegal,False
Senegal,Pathé Ciss,,,Senegal,False
Senegal,Assane Diao,Senegal,Senegal; Spain,Senegal,True
Senegal,Lamine Camara,,,Senegal,False
Senegal,Bamba Dieng,Senegal,Senegal,Senegal,True
Senegal,Sadio Mané,,,Senegal,False
Senegal,Nicolas Jackson,Senegal,Senegal,Senegal,True
Senegal,Cherif Ndiaye,,,Senegal,False
Senegal,Iliman Ndiaye,,,Senegal,False
Senegal,Ismail Jakobs,,,Senegal,False
Senegal,Krépin Diatta,Senegal,Senegal,Senegal,True
Senegal,Édouard Mendy,France,France; Senegal,Senegal,True
Senegal,Pape Matar Sarr,Senegal,Senegal,Senegal,True
Senegal,Ismaïla Sarr,Senegal,Senegal,Senegal,True
Senegal,Moussa Niakhaté,France,France; Senegal,Senegal,True
Senegal,Ibrahim Mbaye,France,France; Senegal,Senegal,True
Senegal,Habib Diarra,,,Senegal,False
Senegal,Bara Sapoko Ndiaye,Senegal,Senegal,Senegal,True
Senegal,Mory Diaw,,,Senegal,False
Senegal,Antoine Mendy,,,Senegal,False
Senegal,El Hadji Malick Diouf,,,Senegal,False
Senegal,Pape Gueye,,,Senegal,False
Algeria,Melvin Mastil,France,Algeria; France,Algeria,True
Algeria,Aïssa Mandi,France,Algeria,Algeria,True
Algeria,Achref Abada,Algeria,Algeria,Algeria,True
Algeria,Mohamed Amine Tougai,,,Algeria,False
Algeria,Zineddine Belaïd,Algeria,Algeria,Algeria,True
Algeria,Ramiz Zerrouki,Netherlands,Algeria; Kingdom of the Netherlands,Algeria,True
Algeria,Riyad Mahrez,,,Algeria,False
Algeria,Houssem Aouar,France,Algeria; France,Algeria,True
Algeria,Amine Gouiri,France,Algeria; France,Algeria,True
Algeria,Farès Chaïbi,France,Algeria; France,Algeria,True
Algeria,Anis Hadj Moussa,France,Algeria,Algeria,True
Algeria,Nadhir Benbouali,,,Algeria,False
Algeria,Jaouen Hadjam,France,Algeria; France,Algeria,True
Algeria,Hicham Boudaoui,Algeria,Algeria,Algeria,True
Algeria,Rayan Aït-Nouri,France,Algeria; France,Algeria,True
Algeria,Oussama Benbot,Algeria,Algeria,Algeria,True
Algeria,Rafik Belghali,Belgium,Belgium,Algeria,True
Algeria,Mohamed Amoura,Algeria,Algeria; Belgium; Switzerland,Algeria,True
Algeria,Nabil Bentaleb,France,Algeria; France,Algeria,True
Algeria,Adil Boulbina,,,Algeria,False
Algeria,Ramy Bensebaini,Algeria,Algeria,Algeria,True
Algeria,Ibrahim Maza,Germany,Algeria; Germany,Algeria,True
Algeria,Luca Zidane,France,Algeria; France,Algeria,True
Algeria,Yacine Titraoui,Algeria,Algeria,Algeria,True
Algeria,Farès Ghedjemis,,,Algeria,False
Algeria,Samir Chergui,France,Algeria,Algeria,True
Argentina,Juan Musso,,,Argentina,False
Argentina,Marcos Senesi,Argentina,Argentina,Argentina,True
Argentina,Nicolás Tagliafico,Argentina,Argentina,Argentina,True
Argentina,Gonzalo Montiel,Argentina,Argentina,Argentina,True
Argentina,Leandro Paredes,Argentina,Argentina,Argentina,True
Argentina,Lisandro Martínez,,,Argentina,False
Argentina,Rodrigo De Paul,Argentina,Argentina; Italy,Argentina,True
Argentina,Valentín Barco,Argentina,Argentina,Argentina,True
Argentina,Julián Alvarez,Argentina,Argentina,Argentina,True
Argentina,Lionel Messi,Argentina,Argentina; Italy; Spain,Argentina,True
Argentina,Giovani Lo Celso,Argentina,Argentina; Italy,Argentina,True
Argentina,Gerónimo Rulli,Argentina,Argentina,Argentina,True
Argentina,Cristian Romero,Argentina,Argentina,Argentina,True
Argentina,Exequiel Palacios,Argentina,Argentina,Argentina,True
Argentina,Nicolás González,Argentina,Argentina,Argentina,True
Argentina,Thiago Almada,Argentina,Argentina,Argentina,True
Argentina,Giuliano Simeone,,,Argentina,False
Argentina,Nico Paz,Spain,Argentina; Spain,Argentina,True
Argentina,Nicolás Otamendi,Argentina,Argentina,Argentina,True
Argentina,Alexis Mac Allister,Argentina,Argentina,Argentina,True
Argentina,José Manuel López,Argentina,Argentina,Argentina,True
Argentina,Lautaro Martínez,Argentina,Argentina,Argentina,True
Argentina,Emiliano Martínez,Argentina,Argentina,Argentina,True
Argentina,Enzo Fernández,,,Argentina,False
Argentina,Facundo Medina,Argentina,Argentina,Argentina,True
Argentina,Nahuel Molina,Argentina,Argentina,Argentina,True
Austria,Alexander Schlager,Austria,Austria,Austria,True
Austria,David Affengruber,,,Austria,False
Austria,Kevin Danso,Austria,Austria,Austria,True
Austria,Xaver Schlager,Austria,Austria,Austria,True
Austria,Stefan Posch,Austria,Austria,Austria,True
Austria,Nicolas Seiwald,Austria,Austria,Austria,True
Austria,Marko Arnautović,Austria,Austria,Austria,True
Austria,David Alaba,Austria,Austria,Austria,True
Austria,Marcel Sabitzer,Austria,Austria,Austria,True
Austria,Florian Grillitsch,Austria,Austria,Austria,True
Austria,Michael Gregoritsch,,,Austria,False
Austria,Florian Wiegele,Austria,Austria,Austria,True
Austria,Patrick Pentz,,,Austria,False
Austria,Saša Kalajdžić,Austria,Austria,Austria,True
Austria,Philipp Lienhart,,,Austria,False
Austria,Phillipp Mwene,Austria,Austria,Austria,True
Austria,Carney Chukwuemeka,Austria,Austria,Austria,True
Austria,Romano Schmid,Austria,Austria,Austria,True
Austria,Dejan Ljubičić,,,Austria,False
Austria,Konrad Laimer,Austria,Austria,Austria,True
Austria,Patrick Wimmer,Austria,Austria,Austria,True
Austria,Alexander Prass,,,Austria,False
Austria,Marco Friedl,Austria,Austria,Austria,True
Austria,Paul Wanner,Austria,Austria; Germany,Austria,True
Austria,Michael Svoboda,Austria,Austria,Austria,True
Austria,Alessandro Schöpf,Austria,Austria,Austria,True
Jordan,Yazeed Abulaila,Jordan,Jordan,Jordan,True
Jordan,Mohammad Abu Hashish,,,Jordan,False
Jordan,Abdallah Nasib,Jordan,Jordan,Jordan,True
Jordan,Husam Abu Dahab,Jordan,Jordan,Jordan,True
Jordan,Yazan Al-Arab,Jordan,Jordan,Jordan,True
Jordan,Amer Jamous,Jordan,Jordan,Jordan,True
Jordan,Mohammad Abu Zrayq,Jordan,Jordan,Jordan,True
Jordan,Noor Al-Rawabdeh,Jordan,Jordan,Jordan,True
Jordan,Ali Olwan,Jordan,Jordan,Jordan,True
Jordan,Musa Al-Taamari,Jordan,France,Jordan,True
Jordan,Odeh Al-Fakhouri,Jordan,Jordan,Jordan,True
Jordan,Nour Bani Attiah,Jordan,Jordan,Jordan,True
Jordan,Mahmoud Al-Mardi,,,Jordan,False
Jordan,Rajaei Ayed,Jordan,Jordan,Jordan,True
Jordan,Ibrahim Sadeh,,,Jordan,False
Jordan,Mo Abualnadi,United States,Jordan; Palestine; United States,Jordan,True
Jordan,Salim Obaid,Jordan,Jordan,Jordan,True
Jordan,Mohammad Taha,,,Jordan,False
Jordan,Saed Al-Rosan,,,Jordan,False
Jordan,Mohannad Abu Taha,Jordan,Jordan,Jordan,True
Jordan,Nizar Al-Rashdan,Jordan,Jordan,Jordan,True
Jordan,Abdallah Al-Fakhouri,Jordan,Jordan,Jordan,True
Jordan,Ihsan Haddad,,,Jordan,False
Jordan,Ali Azaizeh,Germany,Jordan,Jordan,True
Jordan,Mohammad Al-Dawoud,Jordan,Jordan,Jordan,True
Jordan,Anas Badawi,,Jordan,Jordan,False
Colombia,David Ospina,Colombia,Colombia; France,Colombia,True
Colombia,Daniel Muñoz,Colombia,Colombia,Colombia,True
Colombia,Jhon Lucumí,Colombia,Colombia,Colombia,True
Colombia,Santiago Arias,Colombia,Colombia,Colombia,True
Colombia,Kevin Castaño,Colombia,Colombia,Colombia,True
Colombia,Richard Ríos,Colombia,Colombia,Colombia,True
Colombia,Luis Díaz,Colombia,Colombia,Colombia,True
Colombia,Jorge Carrascal,Colombia,Colombia,Colombia,True
Colombia,Jhon Córdoba,,,Colombia,False
Colombia,James Rodríguez,Colombia,Colombia; Spain,Colombia,True
Colombia,Jhon Arias,Colombia,Colombia,Colombia,True
Colombia,Camilo Vargas,Colombia,Colombia,Colombia,True
Colombia,Yerry Mina,Colombia,Colombia,Colombia,True
Colombia,Gustavo Puerta,,,Colombia,False
Colombia,Juan Portilla,Colombia,Colombia,Colombia,True
Colombia,Jefferson Lerma,,,Colombia,False
Colombia,Johan Mojica,Colombia,Colombia,Colombia,True
Colombia,Willer Ditta,Colombia,Colombia,Colombia,True
Colombia,Cucho Hernández,Colombia,Colombia,Colombia,True
Colombia,Juan Fernando Quintero,Colombia,Colombia,Colombia,True
Colombia,Jaminton Campaz,Colombia,Venezuela,Colombia,True
Colombia,Deiver Machado,Colombia,Colombia,Colombia,True
Colombia,Davinson Sánchez,Colombia,Colombia,Colombia,True
Colombia,Álvaro Montero,,,Colombia,False
Colombia,Luis Suárez,Colombia,Colombia; Spain,Colombia,True
Colombia,Andrés Gómez,Colombia,Colombia,Colombia,True
DR Congo,Lionel Mpasi,France,Democratic Republic of the Congo; France,DR Congo,True
DR Congo,Aaron Wan-Bissaka,England,Democratic Republic of the Congo; United Kingdom,DR Congo,True
DR Congo,Steve Kapuadi,France,France,DR Congo,True
DR Congo,Axel Tuanzebe,,,DR Congo,False
DR Congo,Dylan Batubinsika,France,Democratic Republic of the Congo; France,DR Congo,True
DR Congo,Ngal'ayel Mukau,,,DR Congo,False
DR Congo,Nathanaël Mbuku,,,DR Congo,False
DR Congo,Samuel Moutoussamy,,,DR Congo,False
DR Congo,Brian Cipenga,,,DR Congo,False
DR Congo,Théo Bongonda,Belgium,Belgium,DR Congo,True
DR Congo,Gaël Kakuta,France,Democratic Republic of the Congo; France,DR Congo,True
DR Congo,Joris Kayembe,Belgium,Belgium; Democratic Republic of the Congo,DR Congo,True
DR Congo,Meschak Elia,Democratic Republic of the Congo,Democratic Republic of the Congo,DR Congo,True
DR Congo,Noah Sadiki,,,DR Congo,False
DR Congo,Aaron Tshibola,England,United Kingdom,DR Congo,True
DR Congo,Timothy Fayulu,,,DR Congo,False
DR Congo,Cédric Bakambu,,,DR Congo,False
DR Congo,Charles Pickel,Switzerland,Switzerland,DR Congo,True
DR Congo,Fiston Mayele,,,DR Congo,False
DR Congo,Yoane Wissa,France,France,DR Congo,True
DR Congo,Matthieu Epolo,Belgium,Belgium; Democratic Republic of the Congo,DR Congo,True
DR Congo,Chancel Mbemba,Democratic Republic of the Congo,Democratic Republic of the Congo,DR Congo,True
DR Congo,Simon Banza,France,Democratic Republic of the Congo; France,DR Congo,True
DR Congo,Gédéon Kalulu,France,Democratic Republic of the Congo; France,DR Congo,True
DR Congo,Edo Kayembe,Democratic Republic of the Congo,Democratic Republic of the Congo,DR Congo,True
DR Congo,Arthur Masuaku,France,Democratic Republic of the Congo; France,DR Congo,True
Portugal,Diogo Costa,,,Portugal,False
Portugal,Nélson Semedo,,,Portugal,False
Portugal,Rúben Dias,Portugal,Portugal,Portugal,True
Portugal,Tomás Araújo,Portugal,Portugal,Portugal,True
Portugal,Diogo Dalot,Portugal,Portugal,Portugal,True
Portugal,Matheus Nunes,Brazil,Brazil; Portugal,Portugal,True
Portugal,Cristiano Ronaldo,Portugal,Portugal,Portugal,True
Portugal,Bruno Fernandes,Portugal,Portugal,Portugal,True
Portugal,Gonçalo Ramos,Portugal,Portugal,Portugal,True
Portugal,Bernardo Silva,Portugal,Portugal,Portugal,True
Portugal,João Félix,Portugal,Portugal,Portugal,True
Portugal,José Sá,,,Portugal,False
Portugal,Renato Veiga,Portugal,Portugal,Portugal,True
Portugal,Gonçalo Inácio,Portugal,Portugal,Portugal,True
Portugal,João Neves,Portugal,Portugal,Portugal,True
Portugal,Francisco Trincão,Portugal,Portugal,Portugal,True
Portugal,Rafael Leão,Portugal,Portugal,Portugal,True
Portugal,Pedro Neto,Portugal,Portugal,Portugal,True
Portugal,Gonçalo Guedes,Portugal,Portugal,Portugal,True
Portugal,João Cancelo,,,Portugal,False
Portugal,Rúben Neves,,,Portugal,False
Portugal,Rui Silva,,,Portugal,False
Portugal,Vitinha,Portugal,Portugal,Portugal,True
Portugal,Samú Costa,Portugal,Portugal,Portugal,True
Portugal,Nuno Mendes,Portugal,Portugal,Portugal,True
Portugal,Francisco Conceição,Portugal,Portugal,Portugal,True
Uzbekistan,Utkir Yusupov,Kazakhstan,Uzbekistan,Uzbekistan,True
Uzbekistan,Abdukodir Khusanov,,,Uzbekistan,False
Uzbekistan,Khojiakbar Alijonov,Uzbekistan,Uzbekistan,Uzbekistan,True
Uzbekistan,Farrukh Sayfiev,Uzbekistan,Uzbekistan,Uzbekistan,True
Uzbekistan,Rustam Ashurmatov,Uzbekistan,Uzbekistan,Uzbekistan,True
Uzbekistan,Akmal Mozgovoy,Uzbekistan,Uzbekistan,Uzbekistan,True
Uzbekistan,Otabek Shukurov,,,Uzbekistan,False
Uzbekistan,Jamshid Iskanderov,Uzbekistan,Uzbekistan,Uzbekistan,True
Uzbekistan,Odiljon Hamrobekov,Uzbekistan,Uzbekistan,Uzbekistan,True
Uzbekistan,Ruslanbek Jiyanov,Uzbekistan,Uzbekistan,Uzbekistan,True
Uzbekistan,Oston Urunov,Uzbekistan,Uzbekistan,Uzbekistan,True
Uzbekistan,Abduvohid Nematov,,,Uzbekistan,False
Uzbekistan,Sherzod Nasrullaev,,,Uzbekistan,False
Uzbekistan,Eldor Shomurodov,Uzbekistan,Uzbekistan,Uzbekistan,True
Uzbekistan,Umar Eshmurodov,,,Uzbekistan,False
Uzbekistan,Botirali Ergashev,,,Uzbekistan,False
Uzbekistan,Dostonbek Khamdamov,Uzbekistan,Uzbekistan,Uzbekistan,True
Uzbekistan,Abdulla Abdullaev,Uzbekistan,Uzbekistan,Uzbekistan,True
Uzbekistan,Azizjon Ganiev,Uzbekistan,Uzbekistan,Uzbekistan,True
Uzbekistan,Azizbek Amonov,Uzbekistan,Uzbekistan,Uzbekistan,True
Uzbekistan,Igor Sergeev,,,Uzbekistan,False
Uzbekistan,Abbosbek Fayzullaev,Uzbekistan,Uzbekistan,Uzbekistan,True
Uzbekistan,Sherzod Esanov,Uzbekistan,Uzbekistan,Uzbekistan,True
Uzbekistan,Bekhruz Karimov,Uzbekistan,Uzbekistan,Uzbekistan,True
Uzbekistan,Avazbek Ulmasaliev,Uzbekistan,Uzbekistan,Uzbekistan,True
Uzbekistan,Jakhongir Urozov,Uzbekistan,Uzbekistan,Uzbekistan,True
Croatia,Dominik Livaković,Croatia,Croatia,Croatia,True
Croatia,Josip Stanišić,Germany,Croatia; Germany,Croatia,True
Croatia,Marin Pongračić,Germany,Croatia,Croatia,True
Croatia,Joško Gvardiol,Croatia,Croatia,Croatia,True
Croatia,Duje Ćaleta-Car,,,Croatia,False
Croatia,Josip Šutalo,Bosnia and Herzegovina,Croatia,Croatia,True
Croatia,Nikola Moro,Croatia,Croatia,Croatia,True
Croatia,Mateo Kovačić,Austria,Croatia,Croatia,True
Croatia,Andrej Kramarić,Croatia,Croatia,Croatia,True
Croatia,Luka Modrić,,,Croatia,False
Croatia,Ante Budimir,Bosnia and Herzegovina,Croatia,Croatia,True
Croatia,Ivor Pandur,Croatia,Croatia,Croatia,True
Croatia,Nikola Vlašić,Croatia,Croatia,Croatia,True
Croatia,Ivan Perišić,Croatia,Croatia,Croatia,True
Croatia,Mario Pašalić,Germany,Croatia,Croatia,True
Croatia,Martin Baturina,,,Croatia,False
Croatia,Petar Sučić,Bosnia and Herzegovina,Croatia,Croatia,True
Croatia,Kristijan Jakić,Croatia,Croatia,Croatia,True
Croatia,Toni Fruk,Croatia,Croatia,Croatia,True
Croatia,Igor Matanović,Germany,Germany,Croatia,True
Croatia,Luka Sučić,,,Croatia,False
Croatia,Luka Vušković,Croatia,Croatia,Croatia,True
Croatia,Dominik Kotarski,,,Croatia,False
Croatia,Marco Pašalić,,,Croatia,False
Croatia,Martin Erlić,Croatia,Croatia,Croatia,True
Croatia,Petar Musa,Croatia,Croatia,Croatia,True
England,Jordan Pickford,England,United Kingdom,England,True
England,Ezri Konsa,England,United Kingdom,England,True
England,Nico O'Reilly,England,United Kingdom,England,True
England,Declan Rice,,,England,False
England,John Stones,England,United Kingdom,England,True
England,Marc Guéhi,Ivory Coast,United Kingdom,England,True
England,Bukayo Saka,,,England,False
England,Elliot Anderson,England,United Kingdom,England,True
England,Harry Kane,England,United Kingdom,England,True
England,Jude Bellingham,England,United Kingdom,England,True
England,Marcus Rashford,England,United Kingdom,England,True
England,Trevoh Chalobah,,,England,False
England,Dean Henderson,England,United Kingdom,England,True
England,Jordan Henderson,,,England,False
England,Dan Burn,England,United Kingdom,England,True
England,Kobbie Mainoo,England,United Kingdom,England,True
England,Morgan Rogers,England,United Kingdom,England,True
England,Anthony Gordon,England,United Kingdom,England,True
England,Ollie Watkins,,,England,False
England,Noni Madueke,England,United Kingdom,England,True
England,Eberechi Eze,England,United Kingdom,England,True
England,Ivan Toney,England,United Kingdom,England,True
England,James Trafford,England,United Kingdom,England,True
England,Reece James,England,United Kingdom,England,True
England,Djed Spence,England,United Kingdom,England,True
England,Jarell Quansah,,,England,False
Ghana,Lawrence Ati-Zigi,Ghana,Ghana,Ghana,True
Ghana,Alidu Seidu,Ghana,Ghana,Ghana,True
Ghana,Caleb Yirenkyi,Ghana,Ghana,Ghana,True
Ghana,Jonas Adjetey,,,Ghana,False
Ghana,Thomas Partey,Ghana,Ghana,Ghana,True
Ghana,Abdul Mumin,,,Ghana,False
Ghana,Abdul Fatawu,Ghana,Ghana,Ghana,True
Ghana,Kwasi Sibo,Ghana,Ghana,Ghana,True
Ghana,Jordan Ayew,France,France; Ghana,Ghana,True
Ghana,Brandon Thomas-Asante,England,Ghana; United Kingdom,Ghana,True
Ghana,Antoine Semenyo,England,Ghana; United Kingdom,Ghana,True
Ghana,Joseph Anang,,,Ghana,False
Ghana,Christopher Bonsu Baah,Ghana,Ghana,Ghana,True
Ghana,Gideon Mensah,Ghana,Ghana,Ghana,True
Ghana,Elisha Owusu,France,France; Ghana,Ghana,True
Ghana,Benjamin Asare,,Ghana,Ghana,False
Ghana,Abdul Rahman Baba,Ghana,Ghana,Ghana,True
Ghana,Jerome Opoku,England,Ghana; United Kingdom,Ghana,True
Ghana,Iñaki Williams,Spain,Ghana; Spain,Ghana,True
Ghana,Augustine Boakye,Ghana,Ghana,Ghana,True
Ghana,Kojo Peprah Oppong,Ghana,Ghana,Ghana,True
Ghana,Kamaldeen Sulemana,Ghana,Ghana,Ghana,True
Ghana,Derrick Luckassen,Netherlands,Ghana; Kingdom of the Netherlands,Ghana,True
Ghana,Ernest Nuamah,Ghana,Ghana,Ghana,True
Ghana,Prince Kwabena Adu,Ghana,Ghana,Ghana,True
Ghana,Marvin Senaya,France,France,Ghana,True
Panama,Luis Mejía,Panama,Panama,Panama,True
Panama,César Blackman,,,Panama,False
Panama,José Córdoba,Panama,Panama,Panama,True
Panama,Fidel Escobar,Panama,Panama,Panama,True
Panama,Edgardo Fariña,Panama,Panama,Panama,True
Panama,Cristian Martínez,Panama,Panama,Panama,True
Panama,José Luis Rodríguez,Panama,Panama,Panama,True
Panama,Adalberto Carrasquilla,,,Panama,False
Panama,Tomás Rodríguez,Panama,Panama,Panama,True
Panama,Ismael Díaz,Panama,Panama,Panama,True
Panama,Yoel Bárcenas,Panama,Panama,Panama,True
Panama,César Samudio,Panama,Panama,Panama,True
Panama,Jiovany Ramos,,,Panama,False
Panama,Carlos Harvey,Panama,Panama,Panama,True
Panama,Eric Davis,Panama,Panama,Panama,True
Panama,Andrés Andrade,,,Panama,False
Panama,José Fajardo,Panama,Panama,Panama,True
Panama,Cecilio Waterman,Panama,Panama,Panama,True
Panama,Alberto Quintero,Panama,Panama,Panama,True
Panama,Aníbal Godoy,,,Panama,False
Panama,César Yanis,Panama,Panama,Panama,True
Panama,Orlando Mosquera,Panama,Panama,Panama,True
Panama,Michael Amir Murillo,,,Panama,False
Panama,Azarias Londoño,Panama,Panama,Panama,True
Panama,Roderick Miller,,,Panama,False
Panama,Jorge Gutiérrez,,,Panama,False
